contentsid,pages,title
4eff0720836a198b6174eecf02cbfdbf,28,第０回：授業の準備
5a4be1fa34e62bb8a6ec6b91d2462f5a,15,第７回：離散時間システム～線形時不変システム，差分方程式～
69f62956429865909921fa916d61c1f8,19,第５回：離散時間信号とZ変換
70f250e2d762fbde8a2e70eabf6eb953,32,第１回：ディジタル信号処理の概要
885b2c7a6deb4fea10f319c4ce993e02,15,第９回：離散フーリエ変換
5516adb142fcb18a017c72602abbdb6d,14,第２回：周期信号とフーリエ級数
9161ab7a1b61012c4c303f10b4c16b2c,14,第１０回：高速フーリエ変換
81374713d991042a0e18865aa693cc24,20,第３回：非周期信号とフーリエ変換
c8da655dbb57d68ec776f214a7908b6d,18,第１１回：ディジタルフィルタの設計
c9319967c038f9b923068dabdf60cfe3,11,第６回：Z変換の性質，逆Z変換
cceff8faa855336ad53b3325914caea2,17,第４回：連続時間信号の標本化
fb642b781020b2aaeb1a7cee29acc915,17,第８回：離散時間システム～周波数特性～
